Username,Password
C101,101
C102,102
C103,103
C104,104
C105,105
C106,106
C107,107
C108,108
C109,109
C110,110
C111,111
C112,112
C113,113
C114,114
C115,115
C116,116
C117,117
C118,118
C119,119
C120,120
C121,121
C122,122
C123,123
C124,124
C125,125
C126,126
C127,127
C128,128
C129,129
C130,130
C131,131
C132,132
C133,133
C134,134
C135,135
C136,136
C137,137
C138,138
C139,139
C140,140
C141,141
C142,142
C143,143
C144,144
C145,145
C146,146
C147,147
C148,148
C149,149
C150,150
C151,151
C152,152
C153,153
C154,154
C155,155
C156,156
C157,157
C158,158
C159,159
C160,160
C161,161
C162,162
C163,163
C164,164
C165,165
C166,166
C167,167
C168,168
C169,169
C170,170
C171,171
C172,172
C173,173
C174,174
C175,175
C176,176
C177,177
C178,178
C179,179
C180,180
C181,181
C182,182
C183,183
C184,184
C185,185
C186,186
C187,187
C188,188
C189,189
C190,190
C191,191
C192,192
C193,193
C194,194
C195,195
C196,196
C197,197
C198,198
C199,199
C200,200
D1,1
D2,2
D3,3
D4,4
D5,5
D6,6
D7,7
D8,8
D9,9
D10,10
D11,11
D12,12
D13,13
D14,14
D15,15
D16,16
D17,17
D18,18
D19,19
D20,20
D21,21
D22,22
D23,23
D24,24
D25,25
D26,26
D27,27
D28,28
D29,29
D30,30
D31,31
D32,32
D33,33
D34,34
D35,35
D36,36
D37,37
D38,38
D39,39
D40,40
D41,41
D42,42
D43,43
D44,44
D45,45
D46,46
D47,47
D48,48
D49,49
D50,50
D51,51
D52,52
D53,53
D54,54
D55,55
D56,56
D57,57
D58,58
D59,59
D60,60
D61,61
D62,62
D63,63
D64,64
D65,65
D66,66
D67,67
D68,68
D69,69
D70,70
D71,71
D72,72
D73,73
D74,74
D75,75
D76,76
D77,77
D78,78
D79,79
D80,80
D81,81
D82,82
D83,83
D84,84
D85,85
D86,86
D87,87
D88,88
D89,89
D90,90
D91,91
D92,92
D93,93
D94,94
D95,95
D96,96
D97,97
D98,98
D99,99
D100,100
